{
  "IsEncrypted": false,
  "Values": {
    "FUNCTIONS_WORKER_RUNTIME": "python",
    "AzureWebJobsStorage": "DefaultEndpointsProtocol=https;AccountName=udacitymicropander17;AccountKey=wRA3qEpTuDoo78O7sNYXLZjIjjz6mdBu1Y97QAILbWnOpPmRn5mMSa/+LObfYHvTJ7ID/8kNhXP8Xa2XWJ9PcQ==;EndpointSuffix=core.windows.net",
    "MyDbConnection":"mongodb://azurecosmosdblab21:W6cHc0JUTOWpCFQCPnMjY4nh5nILKiiQpthvBbs5EdRnNIzTr8qP4IIVCG1MChBcKzPPBU2biLtrYXijekuAig==@azurecosmosdblab21.mongo.cosmos.azure.com:10255/?ssl=true&replicaSet=globaldb&retrywrites=false&maxIdleTimeMS=120000&appName=@azurecosmosdblab21@"
  }
}