[
  {
    "_id": "5ec34b22b5f7f6eac5f2ec3e",
    "title": "[testaccount111] Honda Tacoma pick up - low milage.",
    "description": "Manual transmission.  Great truck, clean title. Cash only.",
    "price": "$3,587.05",
    "city": "Poolsville"
  },
  {
    "_id": "5ec34b22c800f5f824c21490",
    "title": "Lost cat reward if found.",
    "description": "My fat tabby disappeared last nite on 49th and Taylor.",
    "price": "0.00"
  },
  {
    "_id": "5ec34b22f764357ce29a775e",
    "title": "Trailer",
    "description": "Ullamco nulla adipisicing esse occaecat ipsum deserunt. Est excepteur tempor eiusmod non. Eiusmod occaecat enim eiusmod nostrud mollit.\r\n",
    "price": "$1,703.56"
  },
  {
    "_id": "5ec34b2265403b17d00ae864",
    "title": "Lawn mower",
    "description": "Sunt eiusmod occaecat deserunt magna Lorem cillum non consequat minim do.\r\n",
    "price": "$520.13"
  },
  {
    "_id": "5ec34b228eac7b1667a21a9a",
    "title": "Dirt",
    "description": "Et ea officia occaecat minim adipisicing. Ut nostrud sunt mollit ex labore. Exercitation ut exercitation sint reprehenderit duis reprehenderit.\r\n",
    "price": "Free"
  }
]